## SQL语句_数据管理操作     DML 

### 一、添加数据 

``` 
> insert into 表名(字段名称,字段名称,字段名称) values(数据,数据,数据)

mysql> insert into server_info(server_ip, server_name, server_os, server_model) values("1.1.1.1", "node01", "Linux", "华为");

mysql> select * from server_info;
+----+-----------+-------------+-----------+--------------+
| id | server_ip | server_name | server_os | server_model |
+----+-----------+-------------+-----------+--------------+
|  1 | 1.1.1.1   | node01      | Linux     | 华为         |
+----+-----------+-------------+-----------+--------------+
1 row in set (0.00 sec)

mysql> insert into server_info(server_ip, server_name, server_os, server_model) values("2.2.2.2", "node01", "Unix", "华为"),("3.3.3.3", "node03", "Linux", "浪潮");

mysql> insert into server_info values(4, "4.4.4.4", "node04", "Linux", "联想");
```



### 二、更新数据 

```
> update 表名 set 字段名称=新数据 where 条件

mysql> update server_info set server_os="Linux" where server_ip="2.2.2.2";
```



### 三、删除数据 

```
> delete from 表名 where 条件; 

mysql> delete from server_info where server_ip="4.4.4.4";
```



## 查询数据

### 一、查询类型

```
单表查询
多表查询/连接查询
子查询/嵌套查询

导入jiaowu数据库
[root@localhost ~]# mysql -uroot -pWWW.1.com < jiaowu.sql 
```



### 二、单表查询 

#### 1、单表查询

```
> select 字段名称,字段名称,字段名称  from 表名 [where 条件]

简单应用: 

mysql> select * from tutors;

mysql> select Tname, Age from tutors;

mysql> select Tname as 教师姓名, Age as 年龄 from tutors;
```



#### 2、查询条件

```
1、比较运算符 
	=, !=, >, >=, <, <=
	
mysql> select Tname, Gender from tutors where Gender = "M";

mysql> select Tname, Gender , Age from tutors where Age > 80;
```



```
2、逻辑运算符 
	and, or, not 

mysql> select Tname , Age from tutors where Age >= 70 and Age <= 80;

between n and m 		n到m之间，适用数字

mysql> select Tname, Age from tutors where Age between 70 and 80; 

mysql> select * from tutors where Tname = "YiDeng" or Tname = "HuYiDao";
	
字段名称  in(数据, 数据)

mysql> select * from tutors where Tname in("YiDeng", "HuYidao");

mysql> select Tname, Age from tutors where not Age > 80;
```



```
3、模糊查询 

like "通配符表达式"
	通配符: 
		%	任意字符
		_	任意单个字符  

mysql> select Tname from tutors where Tname like "%eng%"; 

rlike "正则表达式"

mysql> select Tname from tutors where Tname rlike "^[MH]";

mysql> select Tname from tutors where Tname rlike "ng$";

mysql> select Tname from tutors where Tname rlike "eng";
```



```
4、
is NULL
is not null 

mysql> select Name from students where CID2 is NULL;

mysql> select Name from students where CID2 is not NULL;
```



#### 3、排序

```
order by 字段名称 [ASC|DESC]
	ASC： 升序
	DESC： 降序
	
mysql> select Tname, Age from tutors order by Age;

mysql> select Tname, Age from tutors order by Age DESC;

mysql> select Tname, Age from tutors where Age > 60 order by Age;
```



#### 4、限制结果的行数 

```
LIMIT n[,m]  
	limit n	显示结果中的前n行数据 
	limit n,m   忽略前n行，显示后续的m行
	
mysql> select Tname, Age from tutors order by Age limit 1;

mysql> select Tname, Age from tutors order by Age desc limit 1;

mysql> select Tname, Age from tutors where Age > 60 order by Age limit 1;

mysql> select Tname, Age from tutors order by Age DESC limit 2, 1;
```



#### 5、聚合函数

```
sum()
avg()
max()
min()
count()  计数 

mysql> select avg(Age) as 平均年龄 from tutors;

mysql> select sum(Age)  from tutors where Gender = "M";

mysql> select count(*) from tutors where Gender = "M";
```



#### 6、数据分组 

```
group by 字段名称 [having 条件]

mysql> select count(*) as 人数 from tutors group by Gender ;

mysql> select count(*) as 人数, Gender as 性别  from tutors group by Gender ;

mysql> select sum(Age) as 年龄之和, gender as 性别 from tutors group by Gender; 

mysql> select sum(Age) as 年龄之和, gender as 性别 from tutors group by Gender having 年龄之和>300;
```



#### 7、数据去重

```
mysql> select distinct Tname from tutors;
```





### 三、多表查询/连接查询 

```
类型:
	内连接 
	外连接 
		左外连接
		右外连接 
		
前提条件: 多张表间要存在相关联的字段  
```



#### 1、内连接

```
特征: 
	只有相关联字段存在相同的值，才会显示结果; 
```

```
语法1:

> select 表名.字段名称, 表名.字段名称, 表名.字段名称 from 表名 inner join 表名 on 相关联字段 

示例1: 查询学生信息及对应的教师名称  

mysql> select students.Name , students.Age , students.Gender , tutors.Tname 
    -> from students inner join tutors
    -> on students.TID = tutors.TID; 


示例2: 查询课程名称及对应的教师名称  

mysql> select courses.Cname, tutors.Tname 
    -> from courses inner join tutors
    -> on courses.TID = tutors.TID;

示例3: 查询学生信息、第一门课程名称、教师名称  

mysql> select students.Name, students.Age, courses.Cname, tutors.Tname 
    -> from students inner join courses inner join tutors
    -> on students.CID1 = courses.CID and courses.TID = tutors.TID ;
```

```
语法2: 
> select 表名.字段名称, 表名.字段名称, 表名.字段名称 from 表名, 表名 where 关联字段 

示例1: 查询学生信息，第2门课程 

mysql> select students.Name, students.age, courses.Cname 
    -> from students, courses
    -> where students.CID2 = courses.CID;
```



#### 2、左外连接 

```
特征:  
	以左表为主，显示左表所有数据；相关联存在相同的值时显示对应数据，否则显示为NULL 
```

```
语法: 
> select 表名.字段名称, 表名.字段名称 from 表名 left join 表名 on 相关联的字段  

mysql> select students.Name, students.Age, students.Gender, tutors.Tname 
    -> from students left join tutors
    -> on students.TID = tutors.TID;
```



#### 3、右外连接 

```
特征:  
	以右表为主，显示右表所有数据；相关联存在相同的值时显示对应数据，否则显示为NULL 
```

```
语法: 
> select 表名.字段名称, 表名.字段名称 from 表名 right join 表名 on 相关联的字段  

mysql> select students.Name, students.Age, students.Gender, tutors.Tname  from tutors right join students on students.TID = tutors.TID;
```



### 四、子查询/嵌套查询

```
作用： 
	将一个查询的结果作为另外一个查询的条件使用
	
mysql> select Tname, Age from tutors where Age > (select avg(Age) from tutors);

mysql> select Name, Age from students where Age in (select Age from tutors);
```







### 五、视图  view 

```
临时表

作用: 
	优化多表查询的效率
    可以将经常使用的连接查询结果使用视图进行保存，避免笛卡尔积的运算 
```



#### 1、创建视图 

```
语法: 
create view 视图名称
as
查询语句  

mysql> create view student_to_teach
    -> as
    -> select students.Name, students.Age, tutors.Tname 
    -> from students inner join tutors
    -> on students.TID = tutors.TID;
Query OK, 0 rows affected (0.00 sec)

mysql> show tables; 
+------------------+
| Tables_in_jiaowu |
+------------------+
| courses          |
| scores           |
| student_to_teach |
| students         |
| tutors           |
+------------------+
5 rows in set (0.01 sec)

mysql> 
mysql> select * from student_to_teach;
+-----------+------+--------------+
| Name      | Age  | Tname        |
+-----------+------+--------------+
| GuoJing   |   19 | Miejueshitai |
| YangGuo   |   17 | HongQigong   |
| DingDian  |   25 | Jinlunfawang |
| HuFei     |   56 | YiDeng       |
| HuangRong |   16 | NingZhongze  |
+-----------+------+--------------+
5 rows in set (0.00 sec)
```



#### 2、查看创建视图的信息 

```
mysql> show create view student_to_teach\G;
*************************** 1. row ***************************
                View: student_to_teach
         Create View: CREATE ALGORITHM=UNDEFINED DEFINER=`root`@`localhost` SQL SECURITY DEFINER VIEW `student_to_teach` AS select `students`.`Name` AS `Name`,`students`.`Age` AS `Age`,`tutors`.`Tname` AS `Tname` from (`students` join `tutors` on((`students`.`TID` = `tutors`.`TID`)))
character_set_client: utf8
collation_connection: utf8_general_ci
1 row in set (0.00 sec)
```



#### 3、删除视图

```
mysql> drop view student_to_teach;
Query OK, 0 rows affected (0.00 sec)
```







### 六、事务 Transaction 



```
针对修改操作 

保证多个修改操作同时成功、失败 
```



#### 1、启动事务 

```
> start transaction; 
```



#### 2、提交事务

```
> commit; 
```



#### 3、回滚事务

```
> rollback; 
```





### 七、索引   index  

```
作用: 加快数据查询速度 

注意: 
	1、不适合在经常变动的数据上建立索引 
	2、建立在合适的字段上【根据前端业务的用户行为】
```

#### 1、查看表的索引 

```
> show index from 表名 

数据库默认会在表的主键上自动创建索引 

mysql> show index from server_info\G;
*************************** 1. row ***************************
        Table: server_info
   Non_unique: 0
     Key_name: PRIMARY
 Seq_in_index: 1
  Column_name: id
    Collation: A
  Cardinality: 0
     Sub_part: NULL
       Packed: NULL
         Null: 
   Index_type: BTREE
      Comment: 
Index_comment: 
1 row in set (0.00 sec)
```



#### 2、创建索引

```
语法: 
> create index 索引名称 on 表名(字段名称,字段名称)

mysql> create index server_ip_key on server_info(server_ip);

mysql> show index from server_info\G;
```



#### 3、删除索引 

```
> drop index 索引名称 on 表名 

mysql> drop index server_ip_key on server_info;
```



#### 4、验证索引的作用

```
1、启用查询分析器 

mysql> explain select * from test1 where price=5000;
+----+-------------+-------+------------+------+---------------+------+---------+------+--------+----------+-------------+
| id | select_type | table | partitions | type | possible_keys | key  | key_len | ref  | rows   | filtered | Extra       |
+----+-------------+-------+------------+------+---------------+------+---------+------+--------+----------+-------------+
|  1 | SIMPLE      | test1 | NULL       | ALL  | NULL          | NULL | NULL    | NULL | 463320 |    10.00 | Using where |
+----+-------------+-------+------------+------+---------------+------+---------+------+--------+----------+-------------+
1 row in set, 1 warning (0.00 sec)
```



```
创建索引 

mysql> create index price_key on test1(price);
Query OK, 0 rows affected (0.88 sec)
Records: 0  Duplicates: 0  Warnings: 0

mysql> explain select * from test1 where price=5000;
+----+-------------+-------+------------+------+---------------+-----------+---------+-------+------+----------+-------+
| id | select_type | table | partitions | type | possible_keys | key       | key_len | ref   | rows | filtered | Extra |
+----+-------------+-------+------------+------+---------------+-----------+---------+-------+------+----------+-------+
|  1 | SIMPLE      | test1 | NULL       | ref  | price_key     | price_key | 4       | const |   39 |   100.00 | NULL  |
+----+-------------+-------+------------+------+---------------+-----------+---------+-------+------+----------+-------+
1 row in set, 1 warning (0.00 sec)
```



插入数据脚本 

```
[root@localhost ~]# cat test.sh 
#!/bin/bash
#

i=1
while [ $i -le 500000 ]; do
    price=$((RANDOM%10000))
    mysql -uroot -pWWW.1.com -e "insert into jiaowu.test1(name, price) values('HuaWei$i', $price)" &> /dev/null
    let i++
done
```



































